"category","id","question","answer1","answer2","answer3","answer4","correct","explanation"
"飛行規則","001","有視界飛行方式による飛行で、雲から離れて飛行しなければならない距離で正しいものはどれか？","300m","600m","1000m","1500m","1","有視界飛行方式による飛行では、雲から少なくとも水平距離で600m、垂直距離で150m離れて飛行する必要があります。これは航空法施行規則第5条の4に規定されています。"
"飛行規則","002","有視界飛行方式で飛行中、視程が1,500m未満となった場合の対応として正しいものはどれか？","そのまま飛行を続ける","最寄りの空港に着陸する","管制機関に通報する","計器飛行方式に切り替える","1","有視界飛行方式で飛行中に視程が1,500m未満となった場合、安全に着陸できる最寄りの空港に着陸しなければなりません。これは航空法第96条第1項に基づいています。"
"飛行規則","003","有視界飛行方式による飛行で、地表又は水面を引き続き視認できない状態で正しいものはどれか？","10秒間","30秒間","1分間","5分間","2","有視界飛行方式による飛行では、30秒間以上継続して地表又は水面を視認できない状態での飛行は禁止されています。これは航空法施行規則第5条の4第2項に規定されています。"
"飛行規則","004","有視界飛行方式による夜間の飛行で、灯火を持つ飛行場から離陸する際の視程の最低値はどれか？","1,500m","3,000m","5,000m","8,000m","2","有視界飛行方式による夜間の飛行で、灯火を持つ飛行場から離陸する場合、視程は少なくとも5,000m必要です。これは航空法施行規則第5条の4第3項に規定されています。"
"飛行規則","005","有視界飛行方式による飛行で、管制圏内を飛行する場合の最低気象条件として正しいものはどれか？","地上視程1,500m以上","地上視程3,000m以上","地上視程5,000m以上","雲高300m以上","1","有視界飛行方式による管制圏内の飛行では、地上視程が3,000m以上であることが最低気象条件の一つです。これは航空法施行規則第198条の4に規定されています。"
"飛行規則","006","有視界飛行方式による飛行で、管制圏外を飛行する場合の最低気象条件として正しいものはどれか？","視程1,500m以上","視程3,000m以上","視程5,000m以上","雲高300m以上","2","有視界飛行方式による管制圏外の飛行では、視程が5,000m以上であることが最低気象条件の一つです。これは航空法施行規則第5条の4第3項に規定されています。"
"飛行規則","007","有視界飛行方式による飛行で、巡航高度を決定する際の基準となる方向は？","真方位","磁方位","コンパス方位","相対方位","1","有視界飛行方式による飛行で、巡航高度を決定する際は磁方位を基準とします。これは航空法施行規則第177条に規定されています。"
"飛行規則","008","有視界飛行方式による飛行で、3,000ft以上の高度で飛行する場合の最低気象条件として正しいものはどれか？","雲から300m以上離れていること","雲から600m以上離れていること","雲から1,000m以上離れていること","雲から1,500m以上離れていること","1","有視界飛行方式による3,000ft以上の高度での飛行では、雲から水平距離で600m以上、垂直距離で150m以上離れていることが必要です。これは航空法施行規則第5条の4第1項に規定されています。"
"飛行規則","009","有視界飛行方式による夜間の飛行で、灯火のない飛行場に着陸する際の視程の最低値はどれか？","1,500m","3,000m","5,000m","8,000m","3","有視界飛行方式による夜間の飛行で、灯火のない飛行場に着陸する場合、視程は少なくとも8,000m必要です。これは航空法施行規則第5条の4第3項に規定されています。"
"飛行規則","010","有視界飛行方式による飛行で、管制圏内を飛行する場合の雲高の最低値はどれか？","150m","300m","450m","600m","2","有視界飛行方式による管制圏内の飛行では、雲高が300m以上であることが最低気象条件の一つです。これは航空法施行規則第198条の4に規定されています。"
"飛行規則","011","有視界飛行方式による飛行で、管制圏外を飛行する場合の雲量の制限として正しいものはどれか？","雲量5/8以下","雲量6/8以下","雲量7/8以下","制限なし","1","有視界飛行方式による管制圏外の飛行では、雲量が5/8以下であることが最低気象条件の一つです。これは航空法施行規則第5条の4第3項に規定されています。"
"飛行規則","012","有視界飛行方式による飛行で、夜間に灯火を持つ飛行場に着陸する際の視程の最低値はどれか？","1,500m","3,000m","5,000m","8,000m","2","有視界飛行方式による夜間の飛行で、灯火を持つ飛行場に着陸する場合、視程は少なくとも5,000m必要です。これは航空法施行規則第5条の4第3項に規定されています。"
"飛行規則","013","有視界飛行方式による飛行で、3,000ft未満の高度で飛行する場合の視程の最低値はどれか？","1,500m","3,000m","5,000m","8,000m","2","有視界飛行方式による3,000ft未満の高度での飛行では、視程が5,000m以上必要です。これは航空法施行規則第5条の4第3項に規定されています。"
"飛行規則","014","有視界飛行方式による飛行で、巡航高度を偶数千フィートに設定する磁方位の範囲はどれか？","0度以上90度未満","0度以上180度未満","180度以上360度未満","270度以上360度未満","2","有視界飛行方式による飛行で、磁方位が0度以上180度未満の場合、巡航高度は偶数千フィートに設定します。これは航空法施行規則第177条に規定されています。"
"飛行規則","015","有視界飛行方式による飛行で、管制圏内を飛行する場合の最低安全高度はどれか？","地表から300m","地表から450m","地表から600m","地表から900m","2","有視界飛行方式による管制圏内の飛行では、地表または水面から450m以上の高度を維持する必要があります。これは航空法施行規則第174条に規定されています。"
"飛行規則","016","有視界飛行方式による飛行で、人口密集地域上空を飛行する場合の最低安全高度はどれか？","地表から300m","地表から450m","地表から600m","地表から900m","2","有視界飛行方式による人口密集地域上空の飛行では、地表から600m以上の高度を維持する必要があります。これは航空法施行規則第174条に規定されています。"
"飛行規則","017","有視界飛行方式による飛行で、特別管制空域を飛行する場合に必要な許可は？","空港事務所長の許可","管制官の許可","国土交通大臣の許可","許可は不要","1","有視界飛行方式による特別管制空域の飛行では、管制官の許可が必要です。これは航空法第94条の2に規定されています。"
"飛行規則","018","有視界飛行方式による飛行で、巡航高度を奇数千フィート+500フィートに設定する磁方位の範囲はどれか？","0度以上90度未満","0度以上180度未満","180度以上360度未満","270度以上360度未満","2","有視界飛行方式による飛行で、磁方位が180度以上360度未満の場合、巡航高度は奇数千フィート+500フィートに設定します。これは航空法施行規則第177条に規定されています。"
"飛行規則","019","有視界飛行方式による飛行で、人口密集地域以外の地域上空を飛行する場合の最低安全高度はどれか？","地表から150m","地表から300m","地表から450m","地表から600m","1","有視界飛行方式による人口密集地域以外の地域上空の飛行では、地表または水面から300m以上の高度を維持する必要があります。これは航空法施行規則第174条に規定されています。"
"飛行規則","020","有視界飛行方式による飛行で、夜間に灯火のない飛行場から離陸する際の視程の最低値はどれか？","1,500m","3,000m","5,000m","8,000m","3","有視界飛行方式による夜間の飛行で、灯火のない飛行場から離陸する場合、視程は少なくとも8,000m必要です。これは航空法施行規則第5条の4第3項に規定されています。"
"飛行規則","021","有視界気象状態の条件として、地上視程が何メートル以上必要か？","1500m","3000m","5000m","8000m","0","有視界気象状態の条件として、地上視程は1500m以上必要です。"
"飛行規則","022","航空法で定める「夜間」の定義として正しいものはどれか？","日没から日出まで","日没30分後から日出30分前まで","日没15分後から日出15分前まで","日没1時間後から日出1時間前まで","0","航空法では、「夜間」は日没から日出までと定義されています。"
"飛行規則","023","有視界飛行方式による飛行中、進路前方に雲がある場合、最小でも何メートル以上離れて飛行しなければならないか？","300m","600m","1000m","1500m","1","有視界飛行方式による飛行では、雲から少なくとも水平距離で600m離れて飛行する必要があります。"
"飛行規則","024","有視界飛行方式による飛行で、地表または水面を引き続き視認できない場合、どうすべきか？","そのまま飛行を続ける","速やかに上昇又は降下する","管制官に連絡する","計器飛行方式に切り替える","3","有視界飛行方式による飛行で地表または水面を引き続き視認できない場合、速やかに着陸するか、計器飛行方式に切り替える必要があります。"
"飛行規則","025","有視界飛行方式による飛行で、飛行視程が何メートル未満の場合、飛行してはならないか？","1500m","3000m","5000m","8000m","1","有視界飛行方式による飛行では、飛行視程が3000m未満の場合、飛行してはいけません。"
"飛行規則","026","有視界飛行方式による夜間飛行で、灯火を持たない飛行場に着陸する場合、何が必要か？","特別な許可","夜間飛行の訓練","非常用の発電機","追加の燃料","0","有視界飛行方式による夜間飛行で、灯火を持たない飛行場に着陸する場合、国土交通大臣の許可が必要です。"
"飛行規則","027","有視界飛行方式による飛行中、巡航高度はどのように決定されるか？","管制官の指示に従う","飛行方向に応じて奇数または偶数の高度をとる","常に海抜3000フィート以上を維持する","天候に応じて自由に選択する","1","有視界飛行方式による飛行中、巡航高度は飛行方向に応じて奇数または偶数の千フィート単位の高度をとります。"
"飛行規則","028","有視界飛行方式による飛行で、航空交通管制区に入る場合、何が必要か？","特別な許可","飛行計画の提出","トランスポンダーの装備","追加の燃料","1","有視界飛行方式による飛行で航空交通管制区に入る場合、事前に飛行計画を提出する必要があります。"
"飛行規則","029","有視界飛行方式による飛行中、他の航空機との衝突を回避するためには主に何に頼るべきか？","レーダー","ADS-B","目視","無線通信","2","有視界飛行方式による飛行中、他の航空機との衝突を回避するためには主に目視に頼るべきです。"
"飛行規則","030","有視界飛行方式による飛行で、最低安全高度はどのように定められているか？","常に地表から300m以上","人又は家屋の密集地域では、地上の人又は物件から150m以上の距離を保って飛行できる高度","海抜450m以上","管制官の指示に従う","1","有視界飛行方式による飛行で、人又は家屋の密集地域では、地上の人又は物件から150m以上の距離を保って飛行できる高度が最低安全高度として定められています。"
"飛行規則","031","有視界飛行方式による飛行中、空域クラスCに入る際に必要な手続きは何か？","特別な許可の取得","管制機関との交信の設定","トランスポンダーの装備","追加の燃料搭載","1","有視界飛行方式による飛行中、空域クラスCに入る際には管制機関との交信の設定が必要です。"
"飛行規則","032","有視界飛行方式による飛行で、空中衝突防止のために右側通行の原則が適用されるのは、どのような状況か？","正面からほぼ向かい合って接近する場合","追い越しの場合","交差する進路の場合","全ての場合","0","有視界飛行方式による飛行で、空中衝突防止のために右側通行の原則が適用されるのは、正面からほぼ向かい合って接近する場合です。"
"飛行規則","033","有視界飛行方式による飛行中、気象条件が悪化し、有視界気象状態を維持できなくなった場合、パイロットはどうすべきか？","そのまま飛行を続ける","即座に引き返す","管制官に助言を求める","最寄りの適切な空港に着陸する","3","有視界飛行方式による飛行中、気象条件が悪化し有視界気象状態を維持できなくなった場合、パイロットは最寄りの適切な空港に着陸すべきです。"
"飛行規則","034","有視界飛行方式による飛行で、航空交通情報圏に入る際に必要な手続きは何か？","特別な許可の取得","位置通報の実施","トランスポンダーの装備","追加の燃料搭載","1","有視界飛行方式による飛行で、航空交通情報圏に入る際には位置通報の実施が必要です。"
"飛行規則","035","有視界飛行方式による飛行中、他機と行き会う場合、進路権を譲らなければならないのは次のうちどれか？","左側から接近する航空機","右側から接近する航空機","上昇中の航空機","下降中の航空機","0","有視界飛行方式による飛行中、他機と行き会う場合、右側から接近する航空機に進路権を譲らなければなりません。"
"飛行規則","036","有視界飛行方式による飛行で、管制圏に入る際に必要な手続きは何か？","特別な許可の取得","管制官の許可","トランスポンダーの装備","追加の燃料搭載","1","有視界飛行方式による飛行で、管制圏に入る際には管制官の許可が必要です。"
"飛行規則","037","有視界飛行方式による飛行中、進路権を譲る航空機はどのような行動をとるべきか？","速度を上げて先に通過する","高度を下げて回避する","右に向かって回避する","相手機の上方を通過する","2","有視界飛行方式による飛行中、進路権を譲る航空機は、他の航空機の進路を避けなければなりません。一般的には右に向かって回避します。"
"飛行規則","038","有視界飛行方式による夜間飛行で、機外の目標を識別するための灯火の明るさはどの程度必要か？","5キロメートル以上先まで識別できる程度","3キロメートル以上先まで識別できる程度","1キロメートル以上先まで識別できる程度","500メートル以上先まで識別できる程度","1","有視界飛行方式による夜間飛行で、機外の目標を識別するための灯火の明るさは、3キロメートル以上先まで識別できる程度が必要です。"
"飛行規則","039","有視界飛行方式による飛行で、通信機器が故障した場合、パイロットはどのような行動をとるべきか？","そのまま飛行を続ける","即座に引き返す","管制塔のある最寄りの空港に着陸する","視認可能な適切な場所に着陸する","2","有視界飛行方式による飛行で、通信機器が故障した場合、パイロットは管制塔のある最寄りの空港に着陸すべきです。"
"航空交通管制","101","管制圏に入る場合、最初に行うべき通信は何か？","位置通報","管制承認の要求","気象情報の要求","トランスポンダーのセット","1","管制圏に入る際は、まず管制承認を要求する必要があります。これは航空法第94条及び航空法施行規則第198条の5に基づいています。管制承認なしに管制圏に入ることは禁止されています。""航空交通管制","102","IFR機がVFR機に対して行う回避義務は？","常にVFR機が回避する","常にIFR機が回避する","お互いに回避する","管制官の指示に従う","1","IFR機はVFR機を視認した場合、回避の義務があります。これは航空法第96条の2第1項に規定されています。ただし、VFR機も可能な限り回避に協力する必要があります。"
"航空交通管制","103","管制空域の種類に含まれないものはどれか？","管制圏","進入管制区","航空路","自由飛行区域","3","管制空域には、管制圏、進入管制区、航空路などがありますが、「自由飛行区域」は存在しません。管制空域の種類は航空法第2条第11項及び航空法施行規則第173条に規定されています。"
"航空交通管制","104","管制用語「HOLD SHORT OF RUNWAY」の意味は？","滑走路に進入せよ","滑走路手前で待機せよ","滑走路を横断せよ","滑走路から離脱せよ","1","「HOLD SHORT OF RUNWAY」は「滑走路手前で待機せよ」という意味です。これは国土交通省航空局の「航空管制用語と試験研究用管制方式基準」に規定されています。滑走路に進入する前の安全確認のために使用されます。"
"航空交通管制","105","航空交通管制の第一の目的は何か？","航空機の安全運航","航空機の効率的な運航","航空機の定時運航","航空機の経済的な運航","0","航空交通管制の第一の目的は「航空機の安全運航」です。これは航空法第95条の2に規定されており、航空交通の安全かつ円滑な流れの促進が航空交通管制の目的とされています。"
"航空交通管制","106","管制用語「SQUAWK IDENT」の意味は？","トランスポンダーをOFFにせよ","トランスポンダーをONにせよ","トランスポンダーのIDENTボタンを押せ","トランスポンダーのコードを変更せよ","2","「SQUAWK IDENT」は「トランスポンダーのIDENTボタンを押せ」という指示です。これは国土交通省航空局の「航空管制用語と試験研究用管制方式基準」に規定されています。管制官が特定の航空機を識別するために使用されます。"
"航空交通管制","107","TCAとは何の略称か？","Terminal Control Area","Traffic Control Area","Terminal Clearance Area","Takeoff and Climb Area","0","TCAは「Terminal Control Area（ターミナル管制区）」の略称です。これは航空法施行規則第173条第2項に規定されており、空港周辺の複雑な空域を管理するために設定される空域です。"
"航空交通管制","108","管制用語「CLEARED FOR TAKEOFF」を受けた後、何秒以内に離陸滑走を開始すべきか？","直ちに","30秒以内","1分以内","2分以内","1","「CLEARED FOR TAKEOFF」を受けた後、1分以内に離陸滑走を開始する必要があります。これは国土交通省航空局の「航空管制運用管理規程」に規定されています。1分以上経過した場合は、再度クリアランスを得る必要があります。"
"航空交通管制","109","管制圏内でVFR機が維持すべき最低気象条件は？","視程5km、雲から離れて飛行","視程8km、雲高300m以上","視程5km、雲高300m以上","視程3km、雲高300m以上","3","管制圏内でVFR機が維持すべき最低気象条件は、視程3km以上、雲高300m以上です。これは航空法施行規則第198条の4に規定されています。"
"航空交通管制","110","ATIS（自動飛行場情報放送業務）で提供される情報に含まれないものは？","滑走路の使用状況","気象情報","航空機の位置情報","NOTAMの概要","2","ATISには通常、滑走路の使用状況、気象情報、NOTAMの概要などが含まれますが、個々の航空機の位置情報は含まれません。ATISの内容は航空法施行規則第234条の2に規定されています。"
"航空交通管制","111","管制用語「TRAFFIC, 2 O'CLOCK, 5 MILES, NORTHBOUND, ALTITUDE UNKNOWN」の意味は？","2時の方向、5マイル、南に向かう航空機、高度不明","12時の方向、5マイル、北に向かう航空機、高度不明","2時の方向、5マイル、北に向かう航空機、高度不明","12時の方向、5マイル、南に向かう航空機、高度不明","2","この管制用語は「2時の方向、5マイル、北に向かう航空機、高度不明」を意味します。これは国土交通省航空局の「航空管制用語と試験研究用管制方式基準」に基づいています。トラフィック情報の提供方法を示しています。"
"航空交通管制","112","管制用語「TAXI TO HOLDING POINT RUNWAY 36」の意味は？","滑走路36に進入せよ","滑走路36の手前の待機地点まで地上走行せよ","滑走路36から離脱せよ","滑走路36で待機せよ","1","この管制用語は「滑走路36の手前の待機地点まで地上走行せよ」という意味です。これは国土交通省航空局の「航空管制用語と試験研究用管制方式基準」に規定されています。滑走路進入前の待機指示を示しています。"
"航空交通管制","113","管制機関から「REPORT PASSING 5000 FEET」と指示された場合、いつ通報すべきか？","5000フィートに到達する前","5000フィートに到達した時","5000フィートを通過した直後","5000フィートを1000フィート以上超えた時","2","「REPORT PASSING 5000 FEET」の指示を受けた場合、5000フィートを通過した直後に通報する必要があります。これは国土交通省航空局の「航空管制用語と試験研究用管制方式基準」に基づいています。正確な高度通過の報告が求められています。"
"航空交通管制","114","管制用語「MAINTAIN OWN SEPARATION」の意味は？","他機との間隔を自ら維持せよ","現在の高度を維持せよ","現在の針路を維持せよ","管制官の指示に従え","0","「MAINTAIN OWN SEPARATION」は「他機との間隔を自ら維持せよ」という意味です。これは国土交通省航空局の「航空管制用語と試験研究用管制方式基準」に規定されています。パイロットに他機との間隔維持の責任を委ねる場合に使用されます。"
"航空交通管制","115","管制用語「EXPEDITE」の意味は？","通常の速度で行え","可能な限り急いで行え","ゆっくりと行え","管制指示を待て","1","「EXPEDITE」は「可能な限り急いで行え」という意味です。これは国土交通省航空局の「航空管制用語と試験研究用管制方式基準」に規定されています。通常よりも迅速な行動が必要な場合に使用されます。"
"航空交通管制","116","管制用語「NEGATIVE RVSM」の意味は？","RVSM空域に入ることを許可する","RVSM空域から出ることを指示する","RVSM機器が正常に作動している","RVSM機器が作動していないか、またはRVSM承認を受けていない","3","「NEGATIVE RVSM」は「RVSM機器が作動していないか、またはRVSM承認を受けていない」ことを意味します。これは国土交通省航空局の「航空管制用語と試験研究用管制方式基準」に規定されています。RVSM（短縮垂直間隔）運用に関する重要な通報です。"
"航空交通管制","117","管制用語「CONFIRM SQUAWK」の意味は？","トランスポンダーをONにせよ","トランスポンダーのコードを確認せよ","トランスポンダーをOFFにせよ","トランスポンダーのコードを変更せよ","1","「CONFIRM SQUAWK」は「トランスポンダーのコードを確認せよ」という意味です。これは国土交通省航空局の「航空管制用語と試験研究用管制方式基準」に規定されています。管制官が航空機のトランスポンダーコードを確認する必要がある場合に使用されます。"
"航空交通管制","118","管制用語「REDUCE SPEED TO MINIMUM APPROACH SPEED」の意味は？","最大進入速度まで減速せよ","最小進入速度まで減速せよ","通常の進入速度まで減速せよ","現在の速度を維持せよ","1","「REDUCE SPEED TO MINIMUM APPROACH SPEED」は「最小進入速度まで減速せよ」という意味です。これは国土交通省航空局の「航空管制用語と試験研究用管制方式基準」に規定されています。進入順序の調整などのために使用されます。"
"航空交通管制","119","航空交通管制の主な目的は何か？","航空機の運航スケジュールを管理すること","航空機間の衝突を防止し、秩序ある航空交通の流れを維持すること","航空機の燃料効率を最適化すること","航空会社の利益を最大化すること","1","航空交通管制の主な目的は、航空機間の衝突を防止し、秩序ある航空交通の流れを維持することです。"
"航空交通管制","120","IFR機が管制圏に進入する場合、通常どのような許可が必要か？","離陸許可","着陸許可","進入許可","地上走行許可","2","IFR機が管制圏に進入する場合、通常は進入許可が必要です。"
"航空交通管制","121","管制承認（クリアランス）に含まれる基本的な要素は何か？","航空機の型式、巡航高度、飛行ルート","出発時刻、到着時刻、搭乗人数","航空機の識別符号、飛行ルート、巡航高度","燃料量、乗員数、目的地空港","2","管制承認（クリアランス）に含まれる基本的な要素は、航空機の識別符号、飛行ルート、巡航高度です。"
"航空交通管制","122","管制官から「Radar Contact」と通報された場合、パイロットはどう理解すべきか？","目的地に到着したことを示す","管制官がレーダーで当該機を識別したことを示す","他の航空機との衝突の危険があることを示す","管制業務が終了したことを示す","1","管制官から「Radar Contact」と通報された場合、管制官がレーダーで当該機を識別したことを示します。"
"航空交通管制","123","ATIS(Automatic Terminal Information Service)の主な目的は何か？","航空機の位置を自動的に追跡すること","空港の気象情報や運用状況を提供すること","航空機間の通信を自動化すること","管制官の業務負担を軽減すること","1","ATISの主な目的は、空港の気象情報や運用状況を提供することです。"
"航空交通管制","124","管制空域におけるIFR機とVFR機の間の管制間隔はどのように確保されるか？","常に5マイルの水平間隔を維持する","IFR機にのみ管制指示を与え、VFR機は見張り義務を負う","両機に対して高度と針路の指示を与える","管制間隔は確保されず、両機とも見張り義務を負う","1","管制空域におけるIFR機とVFR機の間の管制間隔は、基本的にIFR機にのみ管制指示を与え、VFR機は見張り義務を負います。"
"航空交通管制","125","管制官から「Squawk ident」と指示された場合、パイロットはどのような操作を行うべきか？","トランスポンダーの電源を切る","トランスポンダーのIDENTボタンを押す","無線で自機の識別符号を通報する","高度を変更する","1","管制官から「Squawk ident」と指示された場合、パイロットはトランスポンダーのIDENTボタンを押すべきです。"
"航空交通管制","126","TCA(Terminal Control Area)における管制業務の主な目的は何か？","空港周辺の混雑した空域での秩序ある交通流を維持すること","航空機の燃料消費を最小限に抑えること","航空機の離着陸時間を正確に予測すること","航空機の運航スケジュールを調整すること","0","TCAにおける管制業務の主な目的は、空港周辺の混雑した空域での秩序ある交通流を維持することです。"
"航空交通管制","127","管制官から「Line up and wait」という指示を受けた場合、パイロットはどのような行動をとるべきか？","直ちに離陸する","滑走路に進入し、離陸位置で待機する","滑走路手前で待機する","着陸態勢に入る","1","管制官から「Line up and wait」という指示を受けた場合、パイロットは滑走路に進入し、離陸位置で待機すべきです。"
"航空交通管制","128","IFR機が管制空域を飛行中に予期せぬ気象状況の変化に遭遇した場合、どのような対応が求められるか？","直ちに目視飛行方式に切り替える","管制官に状況を報告し、必要に応じて新たな指示を要求する","無線通信を中止し、独自の判断で飛行を継続する","最寄りの空港に緊急着陸する","1","IFR機が管制空域を飛行中に予期せぬ気象状況の変化に遭遇した場合、管制官に状況を報告し、必要に応じて新たな指示を要求することが求められます。"
"航空交通管制","129","管制官から「Cleared for takeoff」の指示を受けた後、離陸を開始するまでの適切な時間は？","直ちに","10秒以内","1分以内","管制官から追加の指示があるまで待機","0","有視界飛行方式による飛行で、人又は家屋の密集地域では、地上の人又は物件から150m以上の距離を保って飛行できる高度が最低安全高度として定められています。管制官から「Cleared for takeoff」の指示を受けた後、パイロットは合理的な時間内（通常は10〜20秒程度）に離陸を開始すべきです。長時間待機する場合は管制官に通知が必要です。"
"航空交通管制","130","管制空域における標準的な垂直間隔は何ftか？","500ft","1000ft","2000ft","3000ft","1","管制空域における標準的な垂直間隔は1000ftです。"
"航空交通管制","131","RVSM(Reduced Vertical Separation Minimum)空域における垂直間隔は何ftか？","500ft","1000ft","2000ft","3000ft","1","RVSM空域における垂直間隔は1000ftです。"
"航空交通管制","132","管制官から「Taxi to holding point」という指示を受けた場合、パイロットはどのような行動をとるべきか？","滑走路に進入する","指定された待機地点まで地上走行する","離陸の準備を完了する","管制塔との交信を終了する","1","管制官から「Taxi to holding point」という指示を受けた場合、パイロットは指定された待機地点まで地上走行すべきです。"
"航空交通管制","133","管制承認の復唱（Read back）が要求される主な理由は何か？","パイロットの英語能力を確認するため","管制官の指示が正確に理解されたことを確認するため","航空機の位置を確認するため","管制官の業務負担を増やすため","1","管制承認の復唱（Read back）が要求される主な理由は、管制官の指示が正確に理解されたことを確認するためです。"
"航空交通管制","134","VFR機が管制圏に入る際、通常どのような許可が必要か？","離陸許可","着陸許可","進入許可","地上走行許可","2","VFR機が管制圏に入る際、通常は進入許可が必要です。"
"航空交通管制","135","管制官から「Report passing 5000 feet」という指示を受けた場合、パイロットはどのタイミングで報告すべきか？","5000ftに到達する前","ちょうど5000ftに到達した時","5000ftを通過した直後","5000ftを通過してから1分後","2","管制官から「Report passing 5000 feet」という指示を受けた場合、パイロットは5000ftを通過した直後に報告すべきです。"
"航空交通管制","136","管制官から「Fly heading 270」という指示を受けた場合、パイロットはどのような行動をとるべきか？","270度の方位に向かって飛行する","270ktの速度で飛行する","27000ftの高度まで上昇する","270度の旋回を行う","0","管制官から「Fly heading 270」という指示を受けた場合、パイロットは270度の方位に向かって飛行すべきです。"
"航空交通管制","137","TCAS(Traffic Alert and Collision Avoidance System)のRA(Resolution Advisory)が発出された場合、パイロットはどのように対応すべきか？","直ちにRAに従って回避操作を行う","管制官に状況を報告し、指示を待つ","他機との視認間隔を確保する","現在の飛行を継続する","0","TCAS(Traffic Alert and Collision Avoidance System)のRA(Resolution Advisory)が発出された場合、パイロットは直ちにRAに従って回避操作を行うべきです。"
"航空交通管制","138","管制官から「Cleared to land」の指示を受けた後、着陸復行（Go around）を決断した場合、パイロットはどのように対応すべきか？","管制官の許可を待ってから復行する","直ちに復行し、できるだけ早く管制官に通報する","着陸許可を無視して着陸を続行する","エンジンを停止して緊急着陸する","1","管制官から「Cleared to land」の指示を受けた後、着陸復行（Go around）を決断した場合、パイロットは直ちに復行し、できるだけ早く管制官に通報すべきです。"
"航空保安施設","201","VORの基本原理は何か？","距離測定","方位測定","高度測定","速度測定","1","VOR（VHF Omni-directional Range）の基本原理は方位測定です。これは航空法施行規則第97条に規定されており、VORは航空機の位置を放射状の方位線として提供します。VORは航空機から見た無線局の方位を示すため、方位測定が基本原理となります。"
"航空保安施設","202","DMEの主な機能は何か？","距離測定","方位測定","高度測定","速度測定","0","DME（Distance Measuring Equipment）の主な機能は距離測定です。これは航空法施行規則第97条に規定されています。DMEは航空機から地上局までの斜距離を測定し、パイロットに正確な距離情報を提供します。"

"航空保安施設","203","ILSの構成要素に含まれないものはどれか？","ローカライザー","グライドスロープ","マーカービーコン","DME","3","ILS（Instrument Landing System）の主要な構成要素は、ローカライザー、グライドスロープ、マーカービーコンです。DMEは多くのILSに併設されていますが、ILSの必須構成要素ではありません。これは航空法施行規則第97条に基づいています。"

"航空保安施設","204","NDBの原理は何に基づいているか？","電波の到来方向","電波の強度","電波の周波数","電波の位相","0","NDB（Non-Directional Beacon）は電波の到来方向に基づいて動作します。これは航空法施行規則第97条に規定されています。NDBは全方向に電波を発射し、航空機のADFがその電波の到来方向を検出することで、NDBからの相対方位を得ることができます。"

"航空保安施設","205","PAPIの色の組み合わせが「白白赤赤」の場合、航空機の位置は？","グライドパスよりやや上","グライドパス上","グライドパスよりやや下","グライドパスから大きく外れている","1","PAPI（Precision Approach Path Indicator）で「白白赤赤」が見える場合、航空機はグライドパス上にあることを示します。これは国土交通省航空局の「飛行場灯火施設設置基準」に規定されています。PAPIは視覚的なグライドスロープ情報を提供し、正確な進入経路の維持を支援します。"

"航空保安施設","206","VORのTO/FROM指示器が「TO」を示している場合、航空機の位置は？","VOR局の真上","VOR局に向かっている","VOR局から離れている","VOR局の側方","1","VORのTO/FROM指示器が「TO」を示している場合、航空機はVOR局に向かって飛行していることを意味します。これはVORの動作原理に基づいており、航空法施行規則第97条に関連しています。TO表示は選択したラジアルがVOR局へ向かう方向であることを示します。"

"航空保安施設","207","LOC（ローカライザー）の有効範囲は通常どの程度か？","滑走路中心線の延長上10NM","滑走路中心線の延長上25NM","滑走路中心線の延長上35NM","滑走路中心線の延長上50NM","1","LOC（ローカライザー）の有効範囲は通常、滑走路中心線の延長上25NMです。これは国際民間航空機関（ICAO）の基準に基づいており、日本では航空法施行規則第97条に関連しています。ただし、実際の有効範囲は地形や他の要因によって変わる可能性があります。"

"航空保安施設","208","DMEの距離表示は何を基準にしているか？","地上からの垂直距離","滑走路末端からの水平距離","DMEアンテナからの斜距離","空港標高からの相対高度","2","DMEの距離表示は、DMEアンテナからの斜距離を基準にしています。これは航空法施行規則第97条に基づいています。この斜距離は航空機の実際の地上距離よりも長くなり、高度が高くなるほどその差は大きくなります。"
"航空保安施設","209","VORのCDI（Course Deviation Indicator）が右に振れている場合、どのように針路を修正すべきか？","左に旋回","右に旋回","現在の針路を維持","高度を上げる","1","VORのCDIが右に振れている場合、選択したラジアルの右側にいることを示すため、右に旋回して針路を修正すべきです。これはVORの動作原理に基づいており、航空法施行規則第97条に関連しています。CDIの振れる方向へ旋回することで、選択したラジアル上に戻ることができます。"
"航空保安施設","210","ILSのグライドスロープの通常の角度は何度か？","2度","3度","4度","5度","1","ILSのグライドスロープの通常の角度は3度です。これは国際民間航空機関（ICAO）の基準に基づいており、日本では航空法施行規則第97条に関連しています。3度の角度は、多くの航空機にとって最適な降下率を提供し、障害物回避と快適な進入を可能にします。"
"航空保安施設","211","NDBを使用した場合のHoming（ホーミング）とは何か？","NDBに向かって直接飛行すること","NDBからの一定の方位を維持すること","NDBを中心に円を描くように飛行すること","NDBから一定の距離を保つこと","0","NDBを使用したHoming（ホーミング）とは、NDBに向かって直接飛行することを指します。これはNDBの基本的な使用方法の一つであり、航空法施行規則第97条に関連しています。ホーミングでは、ADF（自動方向探知機）の針が常に機首方向を指すように飛行します。"
"航空保安施設","212","VOR信号の到達範囲に最も大きな影響を与える要因は何か？","気象条件","地形","航空機の高度","VOR局の出力","1","VOR信号の到達範囲に最も大きな影響を与える要因は地形です。これはVHF電波の特性に基づいており、航空法施行規則第97条に関連しています。山や建物などの障害物は、VOR信号を遮断または反射させ、その到達範囲や精度に大きな影響を与えます。"
"航空保安施設","213","DMEの距離情報の精度は通常どの程度か？","±0.1NM","±0.2NM","±0.5NM","±1.0NM","1","DMEの距離情報の精度は通常±0.2NMです。これは国際民間航空機関（ICAO）の基準に基づいており、日本では航空法施行規則第97条に関連しています。この精度は、DMEが提供する斜距離に対するものであり、実際の地上距離はこれより若干長くなります。"
"航空保安施設","214","ILSのローカライザーの周波数帯は？","VHF帯","UHF帯","LF帯","MF帯","1","ILSのローカライザーの周波数帯はUHF帯（Ultra High Frequency）です。具体的には108.10MHz〜111.95MHzの範囲を使用します。これは航空法施行規則第97条に規定されています。この周波数帯は、精密な方向情報を提供するのに適しています。"
"航空保安施設","215","VORのモールス信号が聞こえない場合、どのように対応すべきか？","そのまま使用を続ける","管制機関に通報する","別のVOR局に切り替える","VORの使用を中止し、他の航法手段に切り替える","3","VORのモールス信号が聞こえない場合、そのVORの使用を中止し、他の航法手段に切り替えるべきです。これは航空法施行規則第97条および航空路誌（AIP）に基づいています。モールス信号は局の識別と正常動作の確認に必要不可欠であり、聞こえない場合はVORの故障や不具合の可能性があります。"
"航空保安施設","216","TACANの主な利用者は？","民間航空機","軍用機","ヘリコプター","小型機","1","TACAN（Tactical Air Navigation）の主な利用者は軍用機です。これは航空法施行規則第97条に関連していますが、主に防衛省の規定に基づいています。TACANは軍事用に開発されたシステムで、VOR/DMEと同様の機能を持ちますが、より高精度な情報を提供します。"
"航空保安施設","217","VORの方位情報の精度は通常どの程度か？","±1度","±2度","±4度","±6度","1","VORの方位情報の精度は通常±2度です。これは国際民間航空機関（ICAO）の基準に基づいており、日本では航空法施行規則第97条に関連しています。ただし、この精度は理想的な条件下でのものであり、実際の運用では地形や機器の状態などによって変動する可能性があります。"
"航空保安施設","218","NDBの周波数帯は？","VHF帯","UHF帯","LF帯","MF帯","3","NDBの周波数帯はMF帯（Medium Frequency）です。具体的には190kHz〜1750kHzの範囲を使用します。これは航空法施行規則第97条に規定されています。この周波数帯は長距離伝播に適しており、地形の影響を受けにくいという特徴があります。"
"航空保安施設","219","VOR(VHF Omnidirectional Range)の主な機能は何か？","航空機の高度を測定する","航空機に方位情報を提供する","気象情報を送信する","滑走路の状態を通知する","1","VORの主な機能は、航空機に方位情報を提供することです。これにより、パイロットは自機の位置を特定し、目的地への経路を維持することができます。"
"航空保安施設","220","DME(Distance Measuring Equipment)が提供する主な情報は何か？","航空機の高度","航空機から施設までの斜距離","気圧","風向風速","1","DMEは航空機から施設までの斜距離を提供します。これにより、パイロットは自機の位置をより正確に把握することができます。"
"航空保安施設","221","ILS(Instrument Landing System)の構成要素として正しくないものはどれか？","ローカライザー","グライドスロープ","マーカービーコン","VOR","3","ILSの主な構成要素は、ローカライザー、グライドスロープ、マーカービーコンです。VORは通常ILSの一部ではありません。"

"航空保安施設","222","NDB(Non-Directional Beacon)の主な特徴は何か？","全方向に同じ強さの電波を発射する","特定の方向にのみ電波を発射する","高度情報を提供する","気象情報を送信する","0","NDBの主な特徴は、全方向に同じ強さの電波を発射することです。これにより、航空機はADFを使用してNDBの方向を特定できます。"

"航空保安施設","223","PAPI(Precision Approach Path Indicator)の主な目的は何か？","滑走路の長さを示す","進入経路の視覚的ガイダンスを提供する","滑走路の方向を示す","着陸許可を与える","1","PAPIの主な目的は、進入経路の視覚的ガイダンスを提供することです。これにより、パイロットは適切な降下角度を維持できます。"

"航空保安施設","224","VASIとPAPIの主な違いは何か？","色の組み合わせ","設置場所","提供する情報の種類","使用される電波の種類","0","VASIとPAPIの主な違いは色の組み合わせです。VASIは赤と白、PAPIは赤と白の4つのライトを使用します。両者とも視覚的な進入角指示を提供します。"

"航空保安施設","225","TACANはどのような航空機で主に使用されるか？","民間航空機","軍用航空機","グライダー","ヘリコプター","1","TACANは主に軍用航空機で使用されます。これは、方位と距離の情報を同時に提供する航法援助施設です。"

"航空保安施設","226","ADF(Automatic Direction Finder)が使用する地上の航空保安施設は何か？","VOR","DME","NDB","ILS","2","ADFが使用する地上の航空保安施設はNDB(Non-Directional Beacon)です。ADFはNDBからの電波の方向を示すことで航法を支援します。"

"航空保安施設","227","ILSのローカライザーが提供する主な情報は何か？","垂直方向のガイダンス","水平方向のガイダンス","距離情報","高度情報","1","ILSのローカライザーは水平方向のガイダンス（滑走路中心線からの左右偏位）を提供します。これにより、パイロットは滑走路に正確に進入することができます。"
"航空保安施設","228","DMEの距離表示は何を基準にしているか？","地上からの垂直距離","滑走路末端からの距離","航空機からDME局までの斜距離","海面からの高度","2","DMEの距離表示は、航空機からDME局までの斜距離を基準にしています。これは、水平距離と高度の差を考慮した直線距離です。"
"航空保安施設","229","VOR信号の到達範囲を制限する主な要因は何か？","大気中の水蒸気","地球の曲率","太陽活動","風速","1","VOR信号の到達範囲を制限する主な要因は地球の曲率です。VHF帯の電波は直進性が高いため、地平線を越えて遠くまで届きにくいという特性があります。"

"航空保安施設","230","ILSのグライドスロープが提供する主な情報は何か？","水平方向のガイダンス","垂直方向のガイダンス","距離情報","速度情報","1","ILSのグライドスロープは垂直方向のガイダンス（適切な降下角）を提供します。これにより、パイロットは適切な角度で滑走路に進入することができます。"

"航空保安施設","231","SSRのモードSがモードA/Cと比較して優れている点は何か？","より正確な高度情報を提供する","個別の航空機識別が可能","より長距離の通信が可能","気象情報も提供できる","1","SSR（二次監視レーダー）のモードSは、個別の航空機識別が可能という点でモードA/Cより優れています。これにより、より効率的な航空交通管制が可能になります。"
"航空保安施設","232","GBAS(Ground Based Augmentation System)の主な目的は何か？","より正確なGPS測位情報を提供する","気象情報を提供する","航空機間の通信を促進する","空港の混雑状況を通知する","0","GBASの主な目的は、より正確なGPS測位情報を提供することです。これにより、精密進入や着陸などの高精度な運航が可能になります。"

"航空保安施設","233","VORとVORTACの主な違いは何か？","VORTACはVORとTACANを組み合わせたもの","VORTACは軍用のみ","VORは距離情報も提供する","VORTACは高度情報も提供する","0","VORとVORTACの主な違いは、VORTACがVORとTACANを組み合わせたものである点です。これにより、民間機と軍用機の両方に対応できます。"

"航空保安施設","234","MLS(Microwave Landing System)がILSと比較して優れている点は何か？","より広い範囲のアプローチ角をサポート","気象条件の影響を受けにくい","より長距離での使用が可能","設置コストが安い","0","MLSがILSと比較して優れている点は、より広い範囲のアプローチ角をサポートすることです。これにより、より柔軟な進入経路が可能になります。"
"航空保安施設","235","WAASの主な目的は何か？","GPS信号の精度と完全性を向上させる","気象レーダーの性能を向上させる","航空機間の通信を改善する","空港の混雑を軽減する","0","WAAS(Wide Area Augmentation System)の主な目的は、GPS信号の精度と完全性を向上させることです。これにより、より信頼性の高い航法が可能になります。"
"航空保安施設","236","ILSのミドルマーカーの主な目的は何か？","決心高度を示す","外側マーカーの位置を示す","滑走路末端までの距離を示す","進入開始点を示す","0","ILSのミドルマーカーの主な目的は、通常、決心高度（Decision Height）またはその付近を示すことです。これにより、パイロットは進入の継続または復行の判断を行うことができます。"
"航空保安施設","237","TRACONが担当する主な空域はどれか？","空港周辺の端末管制空域","航空路","洋上空域","特別管制空域","0","TRACONが担当する主な空域は、空港周辺の端末管制空域です。これは、到着機と出発機の管制を行う重要な役割を果たします。"
"航空保安施設","238","FFARSライトの色の組み合わせとその意味で正しいものは？","赤/白：滑走路の中間点","緑/黄：誘導路と滑走路の交差点","赤/緑：滑走路末端","青/白：誘導路の中心線","1","FFARSライトの色の組み合わせで、緑/黄は誘導路と滑走路の交差点を示します。これは、パイロットに重要な視覚的警告を提供し、誤って滑走路に進入することを防ぎます。"
"緊急時の対応","301","遭難信号を発する国際的に認められた方法は？","メイデイ（MAYDAY）”,”パンパン（PAN PAN）","セキュリティ（SECURITY）","インフォ（INFO）","","0","遭難信号を発する国際的に認められた方法は「メイデイ（MAYDAY）」です。これは即時の援助が必要な緊急事態を示します。"
"緊急時の対応","302","緊急事態だが即時の援助は必要ない場合に使用する信号は？","メイデイ（MAYDAY）","パンパン（PAN PAN）","セキュリティ（SECURITY）","インフォ（INFO）","1","緊急事態だが即時の援助は必要ない場合に使用する信号は「パンパン（PAN PAN）」です。これは緊急ではあるが即時の危険はない状況を示します。"
"緊急時の対応","303","ELT(Emergency Locator Transmitter)が自動的に作動する主な状況は？","着陸時","離陸時","衝撃を受けたとき","巡航中","2","ELTは主に衝撃を受けたとき（例：墜落時）に自動的に作動します。これにより、航空機の位置を救難隊に知らせることができます。"
"緊急時の対応","304","航空機が遭難信号を発信した後、救難活動が開始されるまでにパイロットがとるべき最善の行動は？","直ちに着陸を試みる","可能な限り現在の位置を維持する","最寄りの空港に向かう","燃料を節約するためエンジンを停止する","1","遭難信号発信後、救難活動が開始されるまでパイロットは可能な限り現在の位置を維持するべきです。これにより、救難隊が航空機を迅速に発見できる可能性が高まります。"
"緊急時の対応","305","航空機内で火災が発生した場合の一般的な対応手順として正しくないものは？","可能な限り早く着陸する","火元を特定し消火を試みる","機内の酸素を遮断する","窓を開けて排煙する","3","航空機内での火災時に窓を開けることは適切ではありません。正しい対応は、火元の特定と消火、可能な限り早い着陸、必要に応じて機内の酸素供給の遮断などです。"
"緊急時の対応","306","航空機が海上に不時着水した後、生存者がとるべき最初の行動は？","救命胴衣を膨らませる","非常用の食料を探す","ELTのスイッチを入れる","航空機から離れる","0","海上不時着水後、生存者が最初にとるべき行動は救命胴衣を膨らませることです。これにより、水面に浮かぶことができ、他の生存行動の基盤となります。"
"緊急時の対応","307","航空機内で急減圧が起きた場合、パイロットがとるべき最初の行動は？","マスクを着用し酸素を吸入する","直ちに降下を開始する","管制官に通報する","エンジンを停止する","0","急減圧時、パイロットが最初にとるべき行動は酸素マスクを着用し酸素を吸入することです。その後、迅速な降下を開始し、管制官に通報します。"
"緊急時の対応","308","航空機が山岳地帯に不時着した場合、生存者がとるべき行動として適切でないものは？","目立つ場所に留まる","救難信号を出す","近くの町へ向かって移動を開始する","ELTを作動させる","2","山岳地帯への不時着後、近くの町へ向かって移動を開始することは適切ではありません。一般的に、目立つ場所に留まり、救難信号を出し、ELTを作動させることが推奨されます。"
"緊急時の対応","309","航空機内で乗客が急病になった場合、機長がとるべき適切な行動は？","直ちに目的地に向かう","最寄りの適切な空港に着陸する","高度を上げて酸素濃度を高める","機内の医療従事者に全て任せる","1","乗客の急病時、機長は状況を評価し、必要であれば最寄りの適切な空港に着陸することが適切です。これにより、迅速な医療処置が可能となります。"
"緊急時の対応","310","航空機が着陸復行を行う主な理由として適切でないものは？","滑走路上に障害物がある","気象条件が悪化している","管制官から指示があった","燃料が十分にある","3","着陸復行の主な理由として、燃料が十分にあることは適切ではありません。滑走路上の障害物、悪天候、管制官の指示などが一般的な理由です。"
"緊急時の対応","311","航空機内での消火器の使用方法として正しくないものは？","風上から火元に向かって噴射する","火元に向かって根元から掃くように噴射する","一度に全量を噴射する","消火後も再発に備えて警戒する","2","消火器の使用方法として、一度に全量を噴射することは適切ではありません。風上から火元に向かって、根元から掃くように噴射し、消火後も再発に備えて警戒することが正しい使用方法です。"
"緊急時の対応","312","航空機が離陸直後にエンジン故障を起こした場合、パイロットがとるべき適切な行動は？","直ちに引き返して着陸を試みる","最寄りの適切な場所に不時着を試みる","高度を上げて対応時間を確保する","パラシュートで脱出する","1","離陸直後のエンジン故障時、通常は最寄りの適切な場所に不時着を試みることが推奨されます。高度や速度が十分でない場合、引き返しは危険な場合があります。"
"緊急時の対応","313","航空機内で油圧系統の故障が疑われる場合、パイロットがとるべき適切な行動は？","直ちに着陸する","飛行を継続し目的地まで到達する","高度を上げて対応時間を確保する","エンジンを停止する","0","油圧系統の故障が疑われる場合、システムの重要性を考慮して直ちに着陸することが適切です。飛行の継続は更なる問題を引き起こす可能性があります。"
"緊急時の対応","314","航空機が雷雲に遭遇した場合、パイロットがとるべき適切な行動は？","雷雲の中心を通過する","雷雲を迂回する","高度を上げて雷雲の上を通過する","降下して雷雲の下を通過する","1","雷雲に遭遇した場合、最も安全な行動は雷雲を迂回することです。雷雲の中心や、上下の通過は危険を伴う可能性があります。"
"緊急時の対応","315","航空機内で酸素系統の故障が疑われる場合、パイロットがとるべき最初の行動は？","直ちに降下を開始する","予備の酸素システムに切り替える","マスクを着用し酸素を確認する","管制官に通報する","2","酸素系統の故障が疑われる場合、パイロットが最初にとるべき行動はマスクを着用し酸素の流れを確認することです。その後、必要に応じて降下を開始し、管制官に通報します。"
"緊急時の対応","316","航空機が鳥と衝突した場合、パイロットがとるべき適切な行動は？","直ちに着陸する","飛行を継続し目的地まで到達する","エンジンの状態を確認し、必要に応じて着陸する","高度を上げて再衝突を避ける","2","鳥との衝突後、パイロットはまずエンジンの状態を確認し、損傷の程度に応じて着陸するかどうかを判断することが適切です。"
"緊急時の対応","317","航空機内で与圧系統の故障が発生した場合、パイロットがとるべき適切な行動は？","直ちに上昇して気圧を調整する","飛行を継続し目的地まで到達する","酸素マスクを使用し、安全高度まで降下する","エンジンを停止して滑空する","2","与圧系統の故障時、パイロットは酸素マスクを使用し、安全な高度（通常10,000ft以下）まで降下することが適切です。"
"緊急時の対応","318","航空機が着陸時にタイヤがパンクした場合、パイロットがとるべき適切な行動は？","ブレーキを強く踏む","反対側のブレーキを使用する","できるだけ速度を落として滑走路の中心を維持する","エンジンを最大出力にする","2","着陸時にタイヤがパンクした場合、パイロットはできるだけ速度を落とし、滑走路の中心を維持することが適切です。急ブレーキや不均等なブレーキ使用は危険を増大させる可能性があります。"
"緊急時の対応","319","航空機が着氷状態に遭遇した場合、パイロットがとるべき適切な行動は？","直ちに降下して暖かい空域に入る","除氷システムを作動させ、必要に応じて高度や針路を変更する","速度を上げて氷を吹き飛ばす","エンジン出力を下げて燃料を節約する","1","着氷状態に遭遇した場合、パイロットは除氷システムを作動させ、必要に応じて高度や針路を変更して着氷条件から脱出することが適切です。"
"緊急時の対応","320","航空機内で機内火災が発生し、着陸までまだ時間がある場合、乗員がとるべき適切な行動は？","窓を開けて排煙する","できるだけ多くの水をかける","可能な限り火元を特定し、適切な消火器で消火を試みる","全ての電源を遮断する","2","機内火災が発生し、すぐに着陸できない場合、乗員は可能な限り火元を特定し、適切な消火器で消火を試みることが適切です。また、煙の軽減や拡大防止の措置も講じる必要があります。"
"人的要因","401","パイロットの疲労が航空安全に与える主な影響は何か？","反応時間の短縮","判断力の向上","状況認識能力の低下","燃料消費量の増加","2","パイロットの疲労は状況認識能力の低下、判断力の低下、反応時間の遅延などを引き起こし、航空安全に悪影響を与えます。"
"人的要因","402","飛行中のパイロットに影響を与える錯覚の一つ、傾斜錯覚（リーニング・イリュージョン）はどのような状況で発生しやすいか？","直線飛行時","上昇飛行時","旋回飛行時","降下飛行時","2","傾斜錯覚（リーニング・イリュージョン）は主に旋回飛行時に発生しやすく、パイロットが実際の傾斜角度を誤って認識する可能性があります。"
"人的要因","403","ヒューマンエラーを防ぐための効果的な方法の一つは何か？","個人の責任を重視する","チェックリストの使用を徹底する","作業速度を上げる","直感的な判断を優先する","1","チェックリストの使用を徹底することは、ヒューマンエラーを防ぐ効果的な方法の一つです。これにより、重要な手順の見落としを防ぎ、安全性を向上させることができます。"
"人的要因","404","航空機CRMのフライトデッキで重要視される要素として適切でないものはどれか？","コミュニケーション","リーダーシップ","個人の能力の最大化","状況認識","2","遭難信CRM(Crew Resource Management)のフライトデッキでは、個人の能力の最大化よりも、チームワークと協調性が重視されます。コミュニケーション、リーダーシップ、状況認識は全て重要な要素です。"
"人的要因","405","飛行中のストレスがパイロットに与える影響として正しくないものは？","集中力の低下","判断力の低下","反応時間の短縮","記憶力の低下","2","航空機内で飛行中のストレスは一般的に反応時間を遅延させます。集中力の低下、判断力の低下、記憶力の低下はストレスによる典型的な影響です。"
"人的要因","406","航空機が海上にパイロットが高高度飛行時に注意すべき生理的な問題は何か？","低酸素症","脱水症状","過度の発汗","低体温","0","高高度飛行時、パイロットは低酸素症に注意する必要があります。気圧の低下に伴い、体内に取り込まれる酸素量が減少するためです。"
"人的要因","407","パイロットの意思決定プロセスにおいて、「確証バイアス」とは何か？","自分の予想や期待に合う情報のみを重視する傾向","常に最悪の事態を想定する傾向","決断を先延ばしにする傾向","他人の意見を過度に重視する傾向","0","確証バイアスとは、自分の予想や期待に合う情報のみを重視し、それに反する情報を無視または軽視する傾向を指します。これは適切な意思決定を妨げる可能性があります。"
"人的要因","408","パイロットの空間識失調を防ぐための最も効果的な方法は何か？","計器に頼らず感覚を信じる","常に視覚的な外部参照を維持する","頻繁に姿勢を変える","計器飛行に徹する","3","空間識失調を防ぐ最も効果的な方法は、計器飛行に徹することです。特に悪天候や夜間飛行時には、自身の感覚よりも計器の指示を信頼することが重要です。"
"人的要因","409","パイロットの注意力配分において、「トンネルビジョン」とは何を指すか？","特定の対象にのみ注意が集中し、他の重要な情報を見落とす状態","遠くの物体にのみ焦点を合わせる状態","近くの物体にのみ焦点を合わせる状態","左右の視界が狭くなる状態","0","トンネルビジョンとは、特定の対象にのみ注意が集中し、他の重要な情報を見落とす状態を指します。これは状況認識の低下につながる危険な状態です。"
"人的要因","410","パイロットの意思決定に影響を与える「同調圧力」とは何か？","管制官の指示に従う圧力","気象条件に適応する圧力","グループの意見や行動に合わせようとする圧力","時間制約による圧力","2","同調圧力とは、グループの意見や行動に合わせようとする圧力を指します。これは個人の適切な判断を妨げ、安全性を損なう可能性があります。"
"人的要因","411","航空機内での消火器の使用方法として正しくないものは？","風上から火元に向かって噴射する","火元に向かって根元から掃くように噴射する","一度に全量を噴射する","消火後も再発に備えて警戒する","2","消火器の使用方法として、一度に全量を噴射することは適切ではありません。風上から火元に向かって、根元から掃くように噴射し、消火後も再発に備えて警戒することが正しい使用方法です。"
"人的要因","412","航空機が離陸直後にエンジン故障を起こした場合、パイロットがとるべき適切な行動は？","直ちに引き返して着陸を試みる","最寄りの適切な場所に不時着を試みる","高度を上げて対応時間を確保する","パラシュートで脱出する","1","離陸直後のエンジン故障時、通常は最寄りの適切な場所に不時着を試みることが推奨されます。高度や速度が十分でない場合、引き返しは危険な場合があります。"
"人的要因","413","航空機内で油圧系統の故障が疑われる場合、パイロットがとるべき適切な行動は？","直ちに着陸する","飛行を継続し目的地まで到達する","高度を上げて対応時間を確保する","エンジンを停止する","0","油圧系統の故障が疑われる場合、システムの重要性を考慮して直ちに着陸することが適切です。飛行の継続は更なる問題を引き起こす可能性があります。"
"人的要因","414","航空機が雷雲に遭遇した場合、パイロットがとるべき適切な行動は？","雷雲の中心を通過する","雷雲を迂回する","高度を上げて雷雲の上を通過する","降下して雷雲の下を通過する","1","雷雲に遭遇した場合、最も安全な行動は雷雲を迂回することです。雷雲の中心や、上下の通過は危険を伴う可能性があります。"
"人的要因","415","航空機内で酸素系統の故障が疑われる場合、パイロットがとるべき最初の行動は？","直ちに降下を開始する","予備の酸素システムに切り替える","マスクを着用し酸素を確認する","管制官に通報する","2","酸素系統の故障が疑われる場合、パイロットが最初にとるべき行動はマスクを着用し酸素の流れを確認することです。その後、必要に応じて降下を開始し、管制官に通報します。"
"人的要因","416","航空機が鳥と衝突した場合、パイロットがとるべき適切な行動は？","直ちに着陸する","飛行を継続し目的地まで到達する","エンジンの状態を確認し、必要に応じて着陸する","高度を上げて再衝突を避ける","2","鳥との衝突後、パイロットはまずエンジンの状態を確認し、損傷の程度に応じて着陸するかどうかを判断することが適切です。"
"人的要因","417","航空機内で与圧系統の故障が発生した場合、パイロットがとるべき適切な行動は？","直ちに上昇して気圧を調整する","飛行を継続し目的地まで到達する","酸素マスクを使用し、安全高度まで降下する","エンジンを停止して滑空する","2","与圧系統の故障時、パイロットは酸素マスクを使用し、安全な高度（通常10,000ft以下）まで降下することが適切です。"
"人的要因","418","航空機が着陸時にタイヤがパンクした場合、パイロットがとるべき適切な行動は？","ブレーキを強く踏む","反対側のブレーキを使用する","できるだけ速度を落として滑走路の中心を維持する","エンジンを最大出力にする","2","着陸時にタイヤがパンクした場合、パイロットはできるだけ速度を落とし、滑走路の中心を維持することが適切です。急ブレーキや不均等なブレーキ使用は危険を増大させる可能性があります。"
"人的要因","419","航空機が着氷状態に遭遇した場合、パイロットがとるべき適切な行動は？","直ちに降下して暖かい空域に入る","除氷システムを作動させ、必要に応じて高度や針路を変更する","速度を上げて氷を吹き飛ばす","エンジン出力を下げて燃料を節約する","1","着氷状態に遭遇した場合、パイロットは除氷システムを作動させ、必要に応じて高度や針路を変更して着氷条件から脱出することが適切です。"
"人的要因","420","航空機内で機内火災が発生し、着陸までまだ時間がある場合、乗員がとるべき適切な行動は？","窓を開けて排煙する","できるだけ多くの水をかける","可能な限り火元を特定し、適切な消火器で消火を試みる","全ての電源を遮断する","2","機内火災が発生し、すぐに着陸できない場合、乗員は可能な限り火元を特定し、適切な消火器で消火を試みることが適切です。また、煙の軽減や拡大防止の措置も講じる必要があります。"
